{
  "id": "zhell-custom-stuff",
  "title": "Zhell's Custom Stuff",
  "version": "11.0.1",
  "authors": [
    {
      "name": "Zhell",
      "url": "https://github.com/krbz999",
      "discord": "Zhell#9201",
      "ko-fi": "https://ko-fi.com/zhell",
      "patreon": "https://patreon.com/zhell"
    }
  ],
  "compatibility": {
    "minimum": "11",
    "maximum": "11"
  },
  "esmodules": [
    "./setup.mjs"
  ],
  "styles": [
    "./styles/styles.css",
    "./styles/sheetEdits.css",
    "./styles/journalStyles.css"
  ],
  "languages": [
    {
      "lang": "en",
      "name": "English",
      "path": "languages/en.json",
      "description": "Personal module for replacing or adding to many things."
    }
  ],
  "flags": {
    "hotReload": {
      "extensions": ["css", "hbs", "json"],
      "paths": []
    }
  },
  "url": "https://github.com/krbz999/zhell-custom-stuff",
  "manifest": "https://raw.githubusercontent.com/krbz999/zhell-custom-stuff/main/module.json",
  "download": "https://github.com/krbz999/zhell-custom-stuff/raw/main/module.zip"
}
